"","year","fold.out","alpha","FP","TP","FN","TN","hull.area"
"1",2015,1,1128.37916709551,317,473,18,174,79017414.2462637
"2",2016,1,1128.37916709551,110,393,51,334,267860535.139048
"3",2017,1,1128.37916709551,15,117,65,167,329356881.251525
"4",2018,1,1128.37916709551,169,506,266,603,669489488.561142
"5",2019,1,1128.37916709551,73,798,638,1363,1675274877.15634
"6",2020,1,1128.37916709551,23,413,316,706,2105506951.12589
"7",2021,1,1128.37916709551,56,713,263,920,2302251358.9862
"8",2022,1,1128.37916709551,109,873,518,1282,2645142091.72146
"9",2023,1,1128.37916709551,170,1361,579,1770,2984666380.88246
"10",2024,1,1128.37916709551,202,1475,372,1645,3309264387.78498
"11",2025,1,1128.37916709551,117,887,334,1104,3563635323.44791
"12",2026,1,1128.37916709551,0,4,1,5,3596401737.36114
"13",2015,2,1128.37916709551,317,477,14,174,76858827.9142562
"14",2016,2,1128.37916709551,149,395,49,295,269084997.465434
"15",2017,2,1128.37916709551,12,104,78,170,314601219.770827
"16",2018,2,1128.37916709551,193,504,268,579,646286645.101741
"17",2019,2,1128.37916709551,68,771,665,1368,1638090725.08459
"18",2020,2,1128.37916709551,25,380,348,703,2057748447.9952
"19",2021,2,1128.37916709551,62,722,254,914,2301556674.83517
"20",2022,2,1128.37916709551,113,888,504,1279,2593566222.49665
"21",2023,2,1128.37916709551,191,1390,551,1750,2958116102.60471
"22",2024,2,1128.37916709551,207,1447,399,1639,3288301280.69614
"23",2025,2,1128.37916709551,108,864,356,1112,3520950916.29185
"24",2026,2,1128.37916709551,0,2,4,6,3514654392.83922
"25",2015,3,1128.37916709551,321,464,26,169,71452511.8288249
"26",2016,3,1128.37916709551,122,388,55,321,267309571.546022
"27",2017,3,1128.37916709551,15,110,72,167,313147649.957774
"28",2018,3,1128.37916709551,194,504,267,577,650025284.924104
"29",2019,3,1128.37916709551,64,764,673,1373,1650622948.7756
"30",2020,3,1128.37916709551,25,399,330,704,2089503614.80788
"31",2021,3,1128.37916709551,52,739,238,925,2312337737.19624
"32",2022,3,1128.37916709551,111,854,537,1280,2626954913.86407
"33",2023,3,1128.37916709551,172,1349,591,1768,3017698324.68368
"34",2024,3,1128.37916709551,192,1452,395,1655,3361670916.8081
"35",2025,3,1128.37916709551,139,851,370,1082,3605098499.16136
"36",2026,3,1128.37916709551,0,5,0,5,3597316026.1115
"37",2015,4,1128.37916709551,342,479,12,149,80192402.6636366
"38",2016,4,1128.37916709551,134,385,59,310,249151332.868703
"39",2017,4,1128.37916709551,14,110,72,168,303393557.005872
"40",2018,4,1128.37916709551,169,525,247,603,639229057.056128
"41",2019,4,1128.37916709551,61,758,678,1375,1636897459.41204
"42",2020,4,1128.37916709551,28,373,355,700,2030336375.68936
"43",2021,4,1128.37916709551,60,718,258,916,2253246652.52791
"44",2022,4,1128.37916709551,116,891,501,1276,2584572848.44089
"45",2023,4,1128.37916709551,183,1393,548,1758,2970917742.27057
"46",2024,4,1128.37916709551,186,1448,398,1660,3281688786.72799
"47",2025,4,1128.37916709551,112,896,324,1108,3539352826.67546
"48",2026,4,1128.37916709551,0,3,3,6,3614366595.84027
"49",2015,5,1128.37916709551,353,483,8,138,79438595.9887197
"50",2016,5,1128.37916709551,140,380,64,304,254287348.62368
"51",2017,5,1128.37916709551,12,107,75,170,303284503.64537
"52",2018,5,1128.37916709551,186,516,256,586,636207423.600582
"53",2019,5,1128.37916709551,56,776,660,1380,1657477967.35674
"54",2020,5,1128.37916709551,22,412,317,707,2043100712.32929
"55",2021,5,1128.37916709551,49,705,271,927,2259944615.11128
"56",2022,5,1128.37916709551,135,859,532,1256,2581040697.11566
"57",2023,5,1128.37916709551,163,1385,555,1777,2953218983.00694
"58",2024,5,1128.37916709551,216,1469,378,1631,3249566285.89246
"59",2025,5,1128.37916709551,114,884,337,1107,3513552338.35297
"60",2026,5,1128.37916709551,0,2,3,5,3554024443.94093
"61",2015,1,2256.75833419103,368,483,8,123,158649528.817818
"62",2016,1,2256.75833419103,151,422,22,293,520651700.345813
"63",2017,1,2256.75833419103,16,133,49,166,835871948.313275
"64",2018,1,2256.75833419103,264,612,160,508,2019549430.64011
"65",2019,1,2256.75833419103,130,1093,343,1306,6309092698.98948
"66",2020,1,2256.75833419103,56,527,202,673,7667471248.31476
"67",2021,1,2256.75833419103,86,774,202,890,8274836314.48215
"68",2022,1,2256.75833419103,176,990,401,1215,9704570379.23995
"69",2023,1,2256.75833419103,258,1492,448,1682,10793441987.646
"70",2024,1,2256.75833419103,266,1586,261,1581,11891086677.38
"71",2025,1,2256.75833419103,165,966,255,1056,12871595261.6369
"72",2026,1,2256.75833419103,0,3,2,5,12813119540.1118
"73",2015,2,2256.75833419103,370,483,8,121,145977774.847324
"74",2016,2,2256.75833419103,140,420,24,304,526021799.3101
"75",2017,2,2256.75833419103,15,121,61,167,776531047.710406
"76",2018,2,2256.75833419103,290,621,151,482,2006567268.94069
"77",2019,2,2256.75833419103,125,1085,351,1311,6155938373.38496
"78",2020,2,2256.75833419103,47,510,218,681,7495331132.1829
"79",2021,2,2256.75833419103,96,802,174,880,8140028068.74176
"80",2022,2,2256.75833419103,167,1022,370,1225,9875035932.73679
"81",2023,2,2256.75833419103,210,1541,400,1731,10996909717.8115
"82",2024,2,2256.75833419103,285,1569,277,1561,12143099945.7314
"83",2025,2,2256.75833419103,150,957,263,1070,12979338015.2902
"84",2026,2,2256.75833419103,0,5,1,6,13037417209.9121
"85",2015,3,2256.75833419103,354,478,12,136,145221367.372974
"86",2016,3,2256.75833419103,145,412,31,298,522135758.694925
"87",2017,3,2256.75833419103,23,129,53,159,801561296.588974
"88",2018,3,2256.75833419103,286,602,169,485,1964374042.26552
"89",2019,3,2256.75833419103,125,1084,353,1312,6441239305.53076
"90",2020,3,2256.75833419103,53,515,214,676,7946665025.66658
"91",2021,3,2256.75833419103,91,787,190,886,8617622711.06151
"92",2022,3,2256.75833419103,153,979,412,1238,10249950063.7976
"93",2023,3,2256.75833419103,219,1482,458,1721,11186029687.8894
"94",2024,3,2256.75833419103,280,1549,298,1567,12425192114.064
"95",2025,3,2256.75833419103,129,947,274,1092,13307747318.8275
"96",2026,3,2256.75833419103,0,5,0,5,13304453718.6656
"97",2015,4,2256.75833419103,378,484,7,113,152649365.176947
"98",2016,4,2256.75833419103,161,422,22,283,555618641.267799
"99",2017,4,2256.75833419103,24,130,52,158,847908504.476177
"100",2018,4,2256.75833419103,265,622,150,507,2061315928.87447
"101",2019,4,2256.75833419103,117,1069,367,1319,6182508927.09714
"102",2020,4,2256.75833419103,39,496,232,689,7646917696.94262
"103",2021,4,2256.75833419103,73,784,192,903,8182401384.16932
"104",2022,4,2256.75833419103,195,1016,376,1197,9671968476.12549
"105",2023,4,2256.75833419103,230,1544,397,1711,10892003956.6236
"106",2024,4,2256.75833419103,303,1561,285,1543,11955402369.8423
"107",2025,4,2256.75833419103,158,975,245,1062,12824769026.5748
"108",2026,4,2256.75833419103,0,6,0,6,12838703022.5197
"109",2015,5,2256.75833419103,372,489,2,119,146941887.73108
"110",2016,5,2256.75833419103,153,424,20,291,553603291.815551
"111",2017,5,2256.75833419103,23,128,54,159,873255208.431782
"112",2018,5,2256.75833419103,281,621,151,491,2035985788.86311
"113",2019,5,2256.75833419103,108,1061,375,1328,6146169111.21437
"114",2020,5,2256.75833419103,45,538,191,684,7715260514.92434
"115",2021,5,2256.75833419103,72,797,179,904,8408141155.80293
"116",2022,5,2256.75833419103,163,1020,371,1228,9901609862.29985
"117",2023,5,2256.75833419103,210,1510,430,1730,10945033797.7687
"118",2024,5,2256.75833419103,265,1556,291,1582,12078451935.4297
"119",2025,5,2256.75833419103,161,971,250,1060,12977656804.5579
"120",2026,5,2256.75833419103,0,2,3,5,13054964195.3834
"121",2015,1,3385.13750128654,396,487,4,95,189796208.891356
"122",2016,1,3385.13750128654,168,427,17,276,706601133.702327
"123",2017,1,3385.13750128654,27,142,40,155,1315994318.63607
"124",2018,1,3385.13750128654,330,675,97,442,3909640481.03318
"125",2019,1,3385.13750128654,186,1276,160,1250,14829898943.3743
"126",2020,1,3385.13750128654,92,601,128,637,17728697359.5448
"127",2021,1,3385.13750128654,76,823,153,900,19103313987.0323
"128",2022,1,3385.13750128654,192,1097,294,1199,22875980253.6621
"129",2023,1,3385.13750128654,302,1593,347,1638,25313791333.6621
"130",2024,1,3385.13750128654,336,1638,209,1511,26962030698.4991
"131",2025,1,3385.13750128654,174,1010,211,1047,28708268144.9472
"132",2026,1,3385.13750128654,0,3,2,5,28746657230.2688
"133",2015,2,3385.13750128654,376,486,5,115,181496642.213325
"134",2016,2,3385.13750128654,157,430,14,287,685191192.310047
"135",2017,2,3385.13750128654,21,133,49,161,1482238743.96893
"136",2018,2,3385.13750128654,325,676,96,447,3873376601.71606
"137",2019,2,3385.13750128654,209,1273,163,1227,14241182311.5767
"138",2020,2,3385.13750128654,100,574,154,628,16628329517.149
"139",2021,2,3385.13750128654,88,833,143,888,18087688699.0089
"140",2022,2,3385.13750128654,185,1108,284,1207,22716327519.1
"141",2023,2,3385.13750128654,267,1609,332,1674,25189865494.8409
"142",2024,2,3385.13750128654,356,1641,205,1490,26921623163.9856
"143",2025,2,3385.13750128654,170,1009,211,1050,28819058279.1658
"144",2026,2,3385.13750128654,0,4,2,6,28763379261.1747
"145",2015,3,3385.13750128654,366,480,10,124,182908369.603234
"146",2016,3,3385.13750128654,179,423,20,264,696476990.640763
"147",2017,3,3385.13750128654,28,138,44,154,1552672527.13282
"148",2018,3,3385.13750128654,329,663,108,442,3920665808.73468
"149",2019,3,3385.13750128654,181,1270,167,1256,14599663916.2858
"150",2020,3,3385.13750128654,75,567,162,654,17392000554.7133
"151",2021,3,3385.13750128654,99,821,156,878,18759495925.8139
"152",2022,3,3385.13750128654,184,1061,330,1207,22317589270.2427
"153",2023,3,3385.13750128654,299,1575,365,1641,25183387524.5928
"154",2024,3,3385.13750128654,369,1589,258,1478,26718132454.8156
"155",2025,3,3385.13750128654,175,1010,211,1046,28616882019.4894
"156",2026,3,3385.13750128654,0,5,0,5,28500558365.3834
"157",2015,4,3385.13750128654,381,487,4,110,184394863.655756
"158",2016,4,3385.13750128654,173,435,9,271,771106926.248001
"159",2017,4,3385.13750128654,32,144,38,150,1513247268.10356
"160",2018,4,3385.13750128654,331,669,103,441,4846348684.28886
"161",2019,4,3385.13750128654,163,1242,194,1273,14217993560.9532
"162",2020,4,3385.13750128654,70,555,173,658,17083895745.4044
"163",2021,4,3385.13750128654,90,815,161,886,18275243983.2398
"164",2022,4,3385.13750128654,187,1131,261,1205,22125658479.9427
"165",2023,4,3385.13750128654,281,1631,310,1660,24676447104.0208
"166",2024,4,3385.13750128654,355,1619,227,1491,26269379376.7823
"167",2025,4,3385.13750128654,174,1027,193,1046,28267659533.7773
"168",2026,4,3385.13750128654,0,5,1,6,28313466662.7572
"169",2015,5,3385.13750128654,389,489,2,102,189133827.008372
"170",2016,5,3385.13750128654,183,435,9,261,726109806.150108
"171",2017,5,3385.13750128654,26,139,43,156,1346584062.48737
"172",2018,5,3385.13750128654,320,672,100,452,3860047582.38604
"173",2019,5,3385.13750128654,177,1241,195,1259,14603738362.3729
"174",2020,5,3385.13750128654,74,603,126,655,17869050229.0782
"175",2021,5,3385.13750128654,82,828,148,894,18915647747.5145
"176",2022,5,3385.13750128654,212,1100,291,1179,22991601790.113
"177",2023,5,3385.13750128654,268,1588,352,1672,25479911359.3195
"178",2024,5,3385.13750128654,341,1633,214,1506,26947188068.7574
"179",2025,5,3385.13750128654,187,1005,216,1034,28880514671.2826
"180",2026,5,3385.13750128654,0,4,1,5,28833040832.8779
"181",2015,1,4513.51666838205,372,487,4,119,201665114.274024
"182",2016,1,4513.51666838205,191,431,13,253,857904240.846964
"183",2017,1,4513.51666838205,37,151,31,145,2241344920.9235
"184",2018,1,4513.51666838205,368,714,58,404,6504831171.50854
"185",2019,1,4513.51666838205,266,1348,88,1170,19325580184.7075
"186",2020,1,4513.51666838205,98,638,91,631,23936406804.2896
"187",2021,1,4513.51666838205,111,848,128,865,25752066766.9602
"188",2022,1,4513.51666838205,219,1154,237,1172,30754936652.7758
"189",2023,1,4513.51666838205,277,1633,307,1663,34922904776.8046
"190",2024,1,4513.51666838205,390,1670,177,1457,38896948150.7993
"191",2025,1,4513.51666838205,218,1035,186,1003,42042657882.99
"192",2026,1,4513.51666838205,0,3,2,5,42084805150.2754
"193",2015,2,4513.51666838205,377,486,5,114,189037840.406416
"194",2016,2,4513.51666838205,176,437,7,268,924754892.256815
"195",2017,2,4513.51666838205,37,150,32,145,2169731968.36193
"196",2018,2,4513.51666838205,355,711,61,417,6398367583.27394
"197",2019,2,4513.51666838205,239,1341,95,1197,19328254139.696
"198",2020,2,4513.51666838205,69,619,109,659,23500006662.3681
"199",2021,2,4513.51666838205,120,849,127,856,25881844663.6737
"200",2022,2,4513.51666838205,191,1166,226,1201,30847144025.868
"201",2023,2,4513.51666838205,306,1664,277,1635,35885462838.6897
"202",2024,2,4513.51666838205,376,1664,182,1470,39023020130.996
"203",2025,2,4513.51666838205,211,1044,176,1009,42121927473.4267
"204",2026,2,4513.51666838205,0,6,0,6,42202777202.6779
"205",2015,3,4513.51666838205,374,481,9,116,196097159.036082
"206",2016,3,4513.51666838205,186,427,16,257,848112109.935546
"207",2017,3,4513.51666838205,30,151,31,152,2253050039.39803
"208",2018,3,4513.51666838205,355,689,82,416,6334172272.10446
"209",2019,3,4513.51666838205,215,1327,110,1222,18972330093.3805
"210",2020,3,4513.51666838205,94,613,116,635,23472203780.4237
"211",2021,3,4513.51666838205,110,852,125,867,25593176030.3066
"212",2022,3,4513.51666838205,183,1126,265,1208,30286867668.9417
"213",2023,3,4513.51666838205,289,1646,294,1651,34792984636.7698
"214",2024,3,4513.51666838205,364,1648,199,1483,38598456475.348
"215",2025,3,4513.51666838205,192,1037,184,1029,42058281435.885
"216",2026,3,4513.51666838205,0,5,0,5,42068353242.1666
"217",2015,4,4513.51666838205,360,488,3,131,194859610.561672
"218",2016,4,4513.51666838205,198,437,7,246,969327531.244926
"219",2017,4,4513.51666838205,31,158,24,151,2192665738.51565
"220",2018,4,4513.51666838205,351,699,73,421,6343447960.79035
"221",2019,4,4513.51666838205,222,1339,97,1214,19287717673.6606
"222",2020,4,4513.51666838205,86,594,134,642,23012046342.1728
"223",2021,4,4513.51666838205,92,844,132,884,24963271772.494
"224",2022,4,4513.51666838205,220,1184,208,1172,30635944382.067
"225",2023,4,4513.51666838205,315,1675,266,1626,35359652868.6413
"226",2024,4,4513.51666838205,386,1650,196,1460,38389526694.0255
"227",2025,4,4513.51666838205,204,1047,173,1016,41649838635.6673
"228",2026,4,4513.51666838205,0,6,0,6,41807094983.1355
"229",2015,5,4513.51666838205,369,491,0,122,203480619.282303
"230",2016,5,4513.51666838205,183,439,5,261,952609007.366205
"231",2017,5,4513.51666838205,37,150,32,145,2080998513.87827
"232",2018,5,4513.51666838205,354,694,78,418,6494530316.90083
"233",2019,5,4513.51666838205,256,1325,111,1180,19142232700.0296
"234",2020,5,4513.51666838205,103,634,95,626,23234593860.1737
"235",2021,5,4513.51666838205,108,849,127,868,26332120934.3187
"236",2022,5,4513.51666838205,211,1163,228,1180,31328755516.2151
"237",2023,5,4513.51666838205,299,1643,297,1641,35838917727.2439
"238",2024,5,4513.51666838205,368,1667,180,1479,39127574012.2102
"239",2025,5,4513.51666838205,208,1040,181,1013,42304050320.2261
"240",2026,5,4513.51666838205,0,4,1,5,42367622799.3378
"241",2015,1,5641.89583547756,408,487,4,83,208428075.175513
"242",2016,1,5641.89583547756,172,432,12,272,917558005.194421
"243",2017,1,5641.89583547756,35,160,22,147,3010980979.71137
"244",2018,1,5641.89583547756,376,731,41,396,8647241466.30407
"245",2019,1,5641.89583547756,246,1364,72,1190,20816471045.624
"246",2020,1,5641.89583547756,114,658,71,615,26694837039.8907
"247",2021,1,5641.89583547756,98,870,106,878,29754621609.6592
"248",2022,1,5641.89583547756,243,1188,203,1148,36142802273.2546
"249",2023,1,5641.89583547756,337,1686,254,1603,45350169786.7232
"250",2024,1,5641.89583547756,420,1681,166,1427,50113229798.9426
"251",2025,1,5641.89583547756,239,1052,169,982,55438307643.1717
"252",2026,1,5641.89583547756,0,4,1,5,55397425420.7009
"253",2015,2,5641.89583547756,363,487,4,128,193745943.25012
"254",2016,2,5641.89583547756,191,437,7,253,976067614.255279
"255",2017,2,5641.89583547756,40,156,26,142,2767671922.39742
"256",2018,2,5641.89583547756,385,724,48,387,8591208233.03168
"257",2019,2,5641.89583547756,267,1368,68,1169,20983547664.0538
"258",2020,2,5641.89583547756,114,636,92,614,26507819461.3432
"259",2021,2,5641.89583547756,119,869,107,857,29546475422.7791
"260",2022,2,5641.89583547756,244,1193,199,1148,36019150693.7291
"261",2023,2,5641.89583547756,356,1715,226,1585,46415977623.0526
"262",2024,2,5641.89583547756,444,1699,147,1402,51498023599.6802
"263",2025,2,5641.89583547756,253,1072,148,967,56713298527.9754
"264",2026,2,5641.89583547756,0,5,1,6,57300866701.5812
"265",2015,3,5641.89583547756,373,483,7,117,202872899.073513
"266",2016,3,5641.89583547756,199,431,12,244,1024667634.2126
"267",2017,3,5641.89583547756,36,156,26,146,2704769129.25463
"268",2018,3,5641.89583547756,382,715,56,389,8602548273.92789
"269",2019,3,5641.89583547756,247,1364,73,1190,20665224305.53
"270",2020,3,5641.89583547756,109,626,103,620,26566204296.4457
"271",2021,3,5641.89583547756,131,861,116,846,29435883963.2904
"272",2022,3,5641.89583547756,202,1174,217,1189,36548486495.1299
"273",2023,3,5641.89583547756,320,1683,257,1620,45221683700.0504
"274",2024,3,5641.89583547756,417,1685,162,1430,50006668942.3893
"275",2025,3,5641.89583547756,221,1062,159,1000,54963211639.0792
"276",2026,3,5641.89583547756,0,5,0,5,54968284147.0714
"277",2015,4,5641.89583547756,389,488,3,102,200749657.067981
"278",2016,4,5641.89583547756,216,438,6,228,1021090990.51664
"279",2017,4,5641.89583547756,38,162,20,144,2489290510.37235
"280",2018,4,5641.89583547756,399,713,59,373,8172012037.73813
"281",2019,4,5641.89583547756,248,1368,68,1188,20861015654.4028
"282",2020,4,5641.89583547756,94,626,102,634,26568054139.042
"283",2021,4,5641.89583547756,112,869,107,864,29043692867.7109
"284",2022,4,5641.89583547756,251,1215,177,1141,36226840758.027
"285",2023,4,5641.89583547756,329,1715,226,1612,44743484763.9015
"286",2024,4,5641.89583547756,416,1685,161,1430,52368137830.8977
"287",2025,4,5641.89583547756,242,1073,147,978,56726304074.2995
"288",2026,4,5641.89583547756,0,6,0,6,56513912432.8196
"289",2015,5,5641.89583547756,371,491,0,120,210863164.20814
"290",2016,5,5641.89583547756,206,439,5,238,1027338405.38388
"291",2017,5,5641.89583547756,47,162,20,135,2961012411.29011
"292",2018,5,5641.89583547756,403,717,55,369,8733976213.36085
"293",2019,5,5641.89583547756,263,1347,89,1173,20721879095.8101
"294",2020,5,5641.89583547756,110,659,70,619,26773340032.2174
"295",2021,5,5641.89583547756,126,866,110,850,29858614250.3894
"296",2022,5,5641.89583547756,287,1218,173,1104,35729894175.388
"297",2023,5,5641.89583547756,346,1685,255,1594,45357689312.0334
"298",2024,5,5641.89583547756,427,1703,144,1420,50159290174.0777
"299",2025,5,5641.89583547756,208,1064,157,1013,54955460085.6228
"300",2026,5,5641.89583547756,0,4,1,5,54900330918.4674
"301",2015,1,6770.27500257308,373,487,4,118,213220681.367844
"302",2016,1,6770.27500257308,208,432,12,236,1036422840.44653
"303",2017,1,6770.27500257308,37,160,22,145,3515058659.45777
"304",2018,1,6770.27500257308,397,741,31,375,9861602450.65673
"305",2019,1,6770.27500257308,315,1380,56,1121,22565442694.4868
"306",2020,1,6770.27500257308,92,669,60,637,28581313109.8164
"307",2021,1,6770.27500257308,134,882,94,842,32681485090.3384
"308",2022,1,6770.27500257308,264,1224,167,1127,41315607584.9786
"309",2023,1,6770.27500257308,345,1732,208,1595,56010609548.7446
"310",2024,1,6770.27500257308,454,1714,133,1393,63252436699.7936
"311",2025,1,6770.27500257308,253,1077,144,968,71618669770.3598
"312",2026,1,6770.27500257308,0,4,1,5,71489672191.1244
"313",2015,2,6770.27500257308,380,487,4,111,201019277.201616
"314",2016,2,6770.27500257308,213,437,7,231,1086822292.4223
"315",2017,2,6770.27500257308,44,161,21,138,3206706444.38658
"316",2018,2,6770.27500257308,418,739,33,354,10279099023.1788
"317",2019,2,6770.27500257308,329,1380,56,1107,22720884816.936
"318",2020,2,6770.27500257308,133,646,82,595,28630763098.8817
"319",2021,2,6770.27500257308,136,883,93,840,32809019998.2116
"320",2022,2,6770.27500257308,281,1231,161,1111,41556050440.318
"321",2023,2,6770.27500257308,346,1750,191,1595,55445643076.3248
"322",2024,2,6770.27500257308,492,1729,117,1354,61636607095.641
"323",2025,2,6770.27500257308,254,1095,125,966,72956331557.22
"324",2026,2,6770.27500257308,0,5,1,6,72741770534.019
"325",2015,3,6770.27500257308,362,484,6,128,212129369.557119
"326",2016,3,6770.27500257308,216,432,11,227,1064497190.61664
"327",2017,3,6770.27500257308,35,163,19,147,3290611308.91717
"328",2018,3,6770.27500257308,381,727,44,390,10269852814.6227
"329",2019,3,6770.27500257308,309,1381,56,1128,22591207976.1242
"330",2020,3,6770.27500257308,119,640,89,610,28567414286.1963
"331",2021,3,6770.27500257308,138,878,99,839,32158100974.2296
"332",2022,3,6770.27500257308,227,1206,185,1164,41219418868.3763
"333",2023,3,6770.27500257308,358,1709,231,1582,55037102857.1925
"334",2024,3,6770.27500257308,438,1721,126,1409,62102937437.4697
"335",2025,3,6770.27500257308,236,1079,142,985,70334848621.7093
"336",2026,3,6770.27500257308,0,4,1,5,69702524896.9903
"337",2015,4,6770.27500257308,408,488,3,83,205541225.021887
"338",2016,4,6770.27500257308,210,438,6,234,1135546220.48725
"339",2017,4,6770.27500257308,39,170,12,143,3546278861.53441
"340",2018,4,6770.27500257308,389,740,32,383,10120569193.6982
"341",2019,4,6770.27500257308,318,1387,49,1118,22608873398.944
"342",2020,4,6770.27500257308,128,642,86,600,28323236545.346
"343",2021,4,6770.27500257308,121,877,99,855,32324915863.0719
"344",2022,4,6770.27500257308,239,1243,149,1153,41308102807.8103
"345",2023,4,6770.27500257308,367,1756,185,1574,56166074075.6153
"346",2024,4,6770.27500257308,462,1701,145,1384,60740061931.5874
"347",2025,4,6770.27500257308,269,1095,125,951,71668216209.5251
"348",2026,4,6770.27500257308,0,5,1,6,71493207704.5056
"349",2015,5,6770.27500257308,393,491,0,98,220166985.943599
"350",2016,5,6770.27500257308,204,439,5,240,1135158052.76685
"351",2017,5,6770.27500257308,38,164,18,144,3478610804.51062
"352",2018,5,6770.27500257308,407,725,47,365,10160413859.2029
"353",2019,5,6770.27500257308,287,1367,69,1149,22311841316.0408
"354",2020,5,6770.27500257308,110,665,64,619,28474106482.8439
"355",2021,5,6770.27500257308,138,876,100,838,32811094846.3855
"356",2022,5,6770.27500257308,259,1242,149,1132,41289917378.48
"357",2023,5,6770.27500257308,361,1714,226,1579,54542866433.782
"358",2024,5,6770.27500257308,436,1727,120,1411,62139960351.3712
"359",2025,5,6770.27500257308,265,1085,136,956,69127352616.9456
"360",2026,5,6770.27500257308,0,4,1,5,69033923649.0298
"361",2015,1,7898.65416966859,401,487,4,90,216527055.417368
"362",2016,1,7898.65416966859,205,436,8,239,1118843351.63449
"363",2017,1,7898.65416966859,62,162,20,120,3997826087.85745
"364",2018,1,7898.65416966859,396,751,21,376,12469105147.781
"365",2019,1,7898.65416966859,355,1391,45,1081,23952066287.2066
"366",2020,1,7898.65416966859,115,673,56,614,30469911128.8232
"367",2021,1,7898.65416966859,136,894,82,840,35621945672.1234
"368",2022,1,7898.65416966859,280,1251,140,1111,47236380372.7431
"369",2023,1,7898.65416966859,388,1768,172,1552,64972113257.444
"370",2024,1,7898.65416966859,502,1735,112,1345,75942124281.4326
"371",2025,1,7898.65416966859,249,1082,139,972,83893757937.4981
"372",2026,1,7898.65416966859,0,3,2,5,84432426556.3479
"373",2015,2,7898.65416966859,399,488,3,92,210552091.79079
"374",2016,2,7898.65416966859,214,438,6,230,1169491856.9816
"375",2017,2,7898.65416966859,58,174,8,124,4252086249.77847
"376",2018,2,7898.65416966859,431,746,26,341,12814114796.4538
"377",2019,2,7898.65416966859,345,1384,52,1091,23975783281.5978
"378",2020,2,7898.65416966859,116,655,73,612,30557317469.1838
"379",2021,2,7898.65416966859,127,889,87,849,34926378859.7733
"380",2022,2,7898.65416966859,296,1248,144,1096,47495617079.5368
"381",2023,2,7898.65416966859,381,1788,153,1560,64914905452.6388
"382",2024,2,7898.65416966859,537,1751,95,1309,73568726866.2115
"383",2025,2,7898.65416966859,256,1107,113,964,84103833291.4647
"384",2026,2,7898.65416966859,0,5,1,6,84119931339.4208
"385",2015,3,7898.65416966859,408,485,5,82,222068857.954001
"386",2016,3,7898.65416966859,232,433,10,211,1180251211.39619
"387",2017,3,7898.65416966859,37,163,19,145,3803781258.08873
"388",2018,3,7898.65416966859,415,741,30,356,12610884107.1401
"389",2019,3,7898.65416966859,295,1390,47,1142,23669182731.313
"390",2020,3,7898.65416966859,127,648,81,602,30087006508.3739
"391",2021,3,7898.65416966859,140,887,90,837,35095190314.9215
"392",2022,3,7898.65416966859,283,1226,165,1108,45633687845.6093
"393",2023,3,7898.65416966859,386,1750,190,1554,63014189407.8994
"394",2024,3,7898.65416966859,470,1742,105,1377,74707945272.5908
"395",2025,3,7898.65416966859,270,1086,135,951,83204004412.83
"396",2026,3,7898.65416966859,0,5,0,5,83131250538.3553
"397",2015,4,7898.65416966859,403,488,3,88,216151840.42318
"398",2016,4,7898.65416966859,206,439,5,238,1248319648.82093
"399",2017,4,7898.65416966859,52,172,10,130,4294378985.22556
"400",2018,4,7898.65416966859,400,744,28,372,11388824235.3236
"401",2019,4,7898.65416966859,318,1393,43,1118,23669194549.9708
"402",2020,4,7898.65416966859,125,655,73,603,30646290277.9136
"403",2021,4,7898.65416966859,124,889,87,852,36297723733.2691
"404",2022,4,7898.65416966859,277,1258,134,1115,46729271768.584
"405",2023,4,7898.65416966859,380,1773,168,1561,64510180260.6841
"406",2024,4,7898.65416966859,513,1715,131,1333,73757110152.441
"407",2025,4,7898.65416966859,299,1102,118,921,83574232996.5323
"408",2026,4,7898.65416966859,0,6,0,6,83288269649.0739
"409",2015,5,7898.65416966859,391,491,0,100,230098894.125564
"410",2016,5,7898.65416966859,216,439,5,228,1195713163.74329
"411",2017,5,7898.65416966859,40,170,12,142,4177845112.45883
"412",2018,5,7898.65416966859,401,741,31,371,12385407592.2367
"413",2019,5,7898.65416966859,337,1383,53,1099,23332647979.2432
"414",2020,5,7898.65416966859,130,675,54,599,30636888418.0566
"415",2021,5,7898.65416966859,128,882,94,848,35371122691.1668
"416",2022,5,7898.65416966859,287,1259,132,1104,46794398795.4549
"417",2023,5,7898.65416966859,354,1765,175,1586,64450876386.922
"418",2024,5,7898.65416966859,509,1749,98,1338,73393870305.1612
"419",2025,5,7898.65416966859,276,1090,131,945,82545930495.2153
"420",2026,5,7898.65416966859,0,4,1,5,82419536594.5692
"421",2015,1,9027.0333367641,384,487,4,107,218880247.711709
"422",2016,1,9027.0333367641,225,437,7,219,1209186605.79026
"423",2017,1,9027.0333367641,42,164,18,140,4303059467.28859
"424",2018,1,9027.0333367641,445,755,17,327,13016099359.8268
"425",2019,1,9027.0333367641,360,1394,42,1076,24717676995.9041
"426",2020,1,9027.0333367641,127,680,49,602,31716882620.5229
"427",2021,1,9027.0333367641,131,904,72,845,37603516347.0586
"428",2022,1,9027.0333367641,316,1273,118,1075,54303091069.5292
"429",2023,1,9027.0333367641,418,1781,159,1522,74433704368.1293
"430",2024,1,9027.0333367641,511,1738,109,1336,82577515954.9413
"431",2025,1,9027.0333367641,323,1098,123,898,93435397953.7706
"432",2026,1,9027.0333367641,0,3,2,5,93299643948.9365
"433",2015,2,9027.0333367641,402,488,3,89,217730491.289584
"434",2016,2,9027.0333367641,210,439,5,234,1291936112.66973
"435",2017,2,9027.0333367641,55,174,8,127,4833346322.4271
"436",2018,2,9027.0333367641,428,753,19,344,13334511459.4884
"437",2019,2,9027.0333367641,351,1396,40,1085,25056802390.4619
"438",2020,2,9027.0333367641,127,666,62,601,32047681469.1811
"439",2021,2,9027.0333367641,137,900,76,839,37490963710.6342
"440",2022,2,9027.0333367641,324,1269,123,1068,53187509736.1075
"441",2023,2,9027.0333367641,419,1809,132,1522,75222712499.5276
"442",2024,2,9027.0333367641,515,1759,87,1331,82581221152.878
"443",2025,2,9027.0333367641,297,1127,93,923,93157142847.3366
"444",2026,2,9027.0333367641,0,6,0,6,93186958314.367
"445",2015,3,9027.0333367641,395,485,5,95,229700473.556474
"446",2016,3,9027.0333367641,219,435,8,224,1250402786.99408
"447",2017,3,9027.0333367641,42,166,16,140,4109103259.96941
"448",2018,3,9027.0333367641,436,745,26,335,13228260510.0258
"449",2019,3,9027.0333367641,369,1400,37,1068,25009747435.3285
"450",2020,3,9027.0333367641,136,655,74,593,31132880099.0685
"451",2021,3,9027.0333367641,153,903,74,824,36755481590.2026
"452",2022,3,9027.0333367641,313,1259,132,1078,51444255651.7766
"453",2023,3,9027.0333367641,425,1775,165,1515,72882816598.6663
"454",2024,3,9027.0333367641,539,1749,98,1308,81312761421.677
"455",2025,3,9027.0333367641,266,1106,115,955,92237926135.6557
"456",2026,3,9027.0333367641,0,5,0,5,92248373329.1059
"457",2015,4,9027.0333367641,396,488,3,95,224239917.951662
"458",2016,4,9027.0333367641,230,440,4,214,1346703244.98333
"459",2017,4,9027.0333367641,46,172,10,136,5026301961.46828
"460",2018,4,9027.0333367641,433,751,21,339,12102699204.2873
"461",2019,4,9027.0333367641,362,1398,38,1074,25012384724.4037
"462",2020,4,9027.0333367641,120,662,66,608,31849266347.7169
"463",2021,4,9027.0333367641,166,897,79,810,38094490108.1398
"464",2022,4,9027.0333367641,308,1280,112,1084,52713639983.6742
"465",2023,4,9027.0333367641,411,1806,135,1530,71428815879.2992
"466",2024,4,9027.0333367641,523,1734,112,1323,79286875226.3596
"467",2025,4,9027.0333367641,307,1112,108,913,92923612405.2594
"468",2026,4,9027.0333367641,0,5,1,6,92799229143.0869
"469",2015,5,9027.0333367641,393,491,0,98,237166737.244988
"470",2016,5,9027.0333367641,236,441,3,208,1356215035.32619
"471",2017,5,9027.0333367641,66,174,8,116,4995910496.75318
"472",2018,5,9027.0333367641,426,743,29,346,12789775686.1229
"473",2019,5,9027.0333367641,366,1393,43,1070,24768260001.8988
"474",2020,5,9027.0333367641,141,682,47,588,31796353665.8729
"475",2021,5,9027.0333367641,157,898,78,819,37806481713.1499
"476",2022,5,9027.0333367641,343,1284,107,1048,53154870468.1988
"477",2023,5,9027.0333367641,423,1797,143,1517,74773387104.3074
"478",2024,5,9027.0333367641,524,1752,95,1323,81665730706.8525
"479",2025,5,9027.0333367641,290,1109,112,931,92127454524.6331
"480",2026,5,9027.0333367641,0,4,1,5,91921774057.8638
"481",2015,1,10155.4125038596,384,487,4,107,220651615.533919
"482",2016,1,10155.4125038596,212,438,6,232,1260703368.85321
"483",2017,1,10155.4125038596,56,165,17,126,4608127775.51604
"484",2018,1,10155.4125038596,423,756,16,349,13771176993.5592
"485",2019,1,10155.4125038596,339,1397,39,1097,25311585131.7888
"486",2020,1,10155.4125038596,128,682,47,601,33101708745.0698
"487",2021,1,10155.4125038596,145,904,72,831,39225312503.2331
"488",2022,1,10155.4125038596,320,1284,107,1071,60351130253.0155
"489",2023,1,10155.4125038596,433,1793,147,1507,78672515798.49
"490",2024,1,10155.4125038596,545,1751,96,1302,89824835263.1053
"491",2025,1,10155.4125038596,311,1107,114,910,103711211148.237
"492",2026,1,10155.4125038596,0,3,2,5,104092421114.559
"493",2015,2,10155.4125038596,394,488,3,97,222947876.06455
"494",2016,2,10155.4125038596,212,439,5,232,1358678881.58102
"495",2017,2,10155.4125038596,66,176,6,116,5140927086.48948
"496",2018,2,10155.4125038596,438,753,19,334,13765566358.3199
"497",2019,2,10155.4125038596,365,1396,40,1071,25479907993.8161
"498",2020,2,10155.4125038596,141,668,60,587,33183134752.2956
"499",2021,2,10155.4125038596,163,900,76,813,39501816152.5374
"500",2022,2,10155.4125038596,350,1290,102,1042,62476714180.4391
"501",2023,2,10155.4125038596,435,1814,127,1506,79175464038.8335
"502",2024,2,10155.4125038596,542,1763,83,1304,89417618010.0334
"503",2025,2,10155.4125038596,334,1132,88,886,102798251223.765
"504",2026,2,10155.4125038596,0,5,1,6,102793761692.674
"505",2015,3,10155.4125038596,395,484,6,95,236203789.580548
"506",2016,3,10155.4125038596,217,436,7,226,1285336455.99103
"507",2017,3,10155.4125038596,50,167,15,132,4535763972.29462
"508",2018,3,10155.4125038596,404,747,24,367,13734265254.5029
"509",2019,3,10155.4125038596,373,1401,36,1064,25621176970.4284
"510",2020,3,10155.4125038596,139,656,73,590,31848753334.1048
"511",2021,3,10155.4125038596,159,910,67,818,39047278254.0201
"512",2022,3,10155.4125038596,351,1276,115,1040,55802796764.5565
"513",2023,3,10155.4125038596,402,1795,145,1538,78158036760.6772
"514",2024,3,10155.4125038596,552,1762,85,1295,88873903730.2861
"515",2025,3,10155.4125038596,346,1112,109,875,102863916723.764
"516",2026,3,10155.4125038596,0,5,0,5,103076547257.134
"517",2015,4,10155.4125038596,410,488,3,81,233822032.99301
"518",2016,4,10155.4125038596,241,440,4,203,1410650607.11194
"519",2017,4,10155.4125038596,58,173,9,124,5126928331.28264
"520",2018,4,10155.4125038596,432,754,18,340,13124864173.7691
"521",2019,4,10155.4125038596,360,1399,37,1076,25652430537.9188
"522",2020,4,10155.4125038596,135,665,63,593,33138370547.6146
"523",2021,4,10155.4125038596,145,908,68,831,39707356081.9439
"524",2022,4,10155.4125038596,322,1286,106,1070,59400565424.4084
"525",2023,4,10155.4125038596,439,1817,124,1502,78693953252.7605
"526",2024,4,10155.4125038596,541,1746,100,1305,88827311219.3992
"527",2025,4,10155.4125038596,305,1133,87,915,104073901483.107
"528",2026,4,10155.4125038596,0,6,0,6,104097555664.674
"529",2015,5,10155.4125038596,404,491,0,87,243157206.154506
"530",2016,5,10155.4125038596,213,441,3,231,1420737478.84505
"531",2017,5,10155.4125038596,64,174,8,118,5300560926.18571
"532",2018,5,10155.4125038596,405,746,26,367,13443419681.6978
"533",2019,5,10155.4125038596,354,1397,39,1082,25315122399.127
"534",2020,5,10155.4125038596,130,686,43,599,33056949901.9944
"535",2021,5,10155.4125038596,142,903,73,834,39483103907.2692
"536",2022,5,10155.4125038596,363,1308,83,1028,60913623344.6692
"537",2023,5,10155.4125038596,437,1802,138,1503,78400565755.2844
"538",2024,5,10155.4125038596,510,1755,92,1337,87925939760.2948
"539",2025,5,10155.4125038596,322,1120,101,899,101096381511.26
"540",2026,5,10155.4125038596,0,4,1,5,101141764355.68
"541",2015,1,11283.7916709551,395,487,4,96,222328330.210268
"542",2016,1,11283.7916709551,211,438,6,233,1318104226.38828
"543",2017,1,11283.7916709551,60,167,15,122,5212832086.5073
"544",2018,1,11283.7916709551,430,757,15,342,13880120490.5654
"545",2019,1,11283.7916709551,369,1400,36,1067,26006126914.2275
"546",2020,1,11283.7916709551,144,688,41,585,34204638335.7421
"547",2021,1,11283.7916709551,167,918,58,809,41384558513.3544
"548",2022,1,11283.7916709551,327,1294,97,1064,63575503507.1539
"549",2023,1,11283.7916709551,475,1813,127,1465,85607578434.1238
"550",2024,1,11283.7916709551,591,1762,85,1256,98888889042.759
"551",2025,1,11283.7916709551,352,1111,110,869,112520578212.861
"552",2026,1,11283.7916709551,0,4,1,5,112534655004.284
"553",2015,2,11283.7916709551,397,488,3,94,227153444.729213
"554",2016,2,11283.7916709551,206,439,5,238,1429501415.62758
"555",2017,2,11283.7916709551,69,176,6,113,5705985798.5167
"556",2018,2,11283.7916709551,436,755,17,336,13908990371.7998
"557",2019,2,11283.7916709551,366,1399,37,1070,25942726744.2296
"558",2020,2,11283.7916709551,150,674,54,578,34202353956.3463
"559",2021,2,11283.7916709551,188,909,67,788,41010210131.6705
"560",2022,2,11283.7916709551,361,1298,94,1031,64443199634.1988
"561",2023,2,11283.7916709551,428,1835,106,1513,84368137057.5549
"562",2024,2,11283.7916709551,572,1766,80,1274,97436163443.4703
"563",2025,2,11283.7916709551,370,1137,83,850,112815188791.196
"564",2026,2,11283.7916709551,0,6,0,6,112848138200.192
"565",2015,3,11283.7916709551,390,486,4,100,240459287.802153
"566",2016,3,11283.7916709551,209,436,7,234,1326479459.44786
"567",2017,3,11283.7916709551,59,168,14,123,5140677998.4537
"568",2018,3,11283.7916709551,433,746,25,338,13994867428.47
"569",2019,3,11283.7916709551,382,1405,32,1055,25961999209.3962
"570",2020,3,11283.7916709551,134,661,68,595,32878424667.0913
"571",2021,3,11283.7916709551,189,913,64,788,41807400545.5213
"572",2022,3,11283.7916709551,356,1285,106,1035,60151986151.4977
"573",2023,3,11283.7916709551,478,1811,129,1462,85176541598.4673
"574",2024,3,11283.7916709551,601,1759,88,1246,97558416708.8381
"575",2025,3,11283.7916709551,344,1128,93,877,112814001533.163
"576",2026,3,11283.7916709551,0,5,0,5,111952793313.053
"577",2015,4,11283.7916709551,404,489,2,87,242701502.75578
"578",2016,4,11283.7916709551,229,441,3,215,1478844521.29931
"579",2017,4,11283.7916709551,53,173,9,129,5296721914.92519
"580",2018,4,11283.7916709551,441,758,14,331,14098386220.7669
"581",2019,4,11283.7916709551,373,1399,37,1063,25994575911.729
"582",2020,4,11283.7916709551,132,664,64,596,34149799805.8685
"583",2021,4,11283.7916709551,193,912,64,783,42461723870.4595
"584",2022,4,11283.7916709551,360,1301,91,1032,62233164921.9312
"585",2023,4,11283.7916709551,461,1838,103,1480,84318837943.9389
"586",2024,4,11283.7916709551,564,1748,98,1282,96892796020.7238
"587",2025,4,11283.7916709551,374,1131,89,846,112450243181.83
"588",2026,4,11283.7916709551,0,6,0,6,112460279293.6
"589",2015,5,11283.7916709551,396,491,0,95,248128134.340511
"590",2016,5,11283.7916709551,220,441,3,224,1489023021.47694
"591",2017,5,11283.7916709551,62,175,7,120,5621677685.33898
"592",2018,5,11283.7916709551,428,747,25,344,13541547238.0757
"593",2019,5,11283.7916709551,371,1401,35,1065,25877664333.1264
"594",2020,5,11283.7916709551,141,692,37,588,33806441260.2392
"595",2021,5,11283.7916709551,192,912,64,784,41190337182.906
"596",2022,5,11283.7916709551,348,1306,85,1043,64444066419.1229
"597",2023,5,11283.7916709551,443,1825,115,1497,85076528287.1821
"598",2024,5,11283.7916709551,570,1778,69,1277,96846043124.2699
"599",2025,5,11283.7916709551,340,1125,96,881,112142854583.501
"600",2026,5,11283.7916709551,0,4,1,5,112046384131.898
"601",2015,1,14104.7395886939,383,487,4,108,225521203.993269
"602",2016,1,14104.7395886939,222,441,3,222,1439443197.59393
"603",2017,1,14104.7395886939,68,169,13,114,5643681641.23056
"604",2018,1,14104.7395886939,468,757,15,304,14487688454.856
"605",2019,1,14104.7395886939,411,1407,29,1025,27120748887.2097
"606",2020,1,14104.7395886939,165,700,29,564,36782375957.5058
"607",2021,1,14104.7395886939,201,922,54,775,46197256707.8977
"608",2022,1,14104.7395886939,400,1301,90,991,70472403133.5714
"609",2023,1,14104.7395886939,530,1826,114,1410,99509156281.2443
"610",2024,1,14104.7395886939,606,1778,69,1241,111392532758.461
"611",2025,1,14104.7395886939,420,1132,89,801,130951672950.751
"612",2026,1,14104.7395886939,0,3,2,5,131099804123.987
"613",2015,2,14104.7395886939,414,488,3,77,235500115.183284
"614",2016,2,14104.7395886939,224,440,4,220,1552258187.73857
"615",2017,2,14104.7395886939,62,176,6,120,6224492831.64512
"616",2018,2,14104.7395886939,449,758,14,323,14484377405.7679
"617",2019,2,14104.7395886939,389,1412,24,1047,27019277082.0252
"618",2020,2,14104.7395886939,141,682,46,587,36628869026.6285
"619",2021,2,14104.7395886939,196,923,53,780,46317412395.185
"620",2022,2,14104.7395886939,375,1310,82,1017,71853986972.0091
"621",2023,2,14104.7395886939,527,1856,85,1414,98548244887.8591
"622",2024,2,14104.7395886939,626,1777,69,1220,110863438283.468
"623",2025,2,14104.7395886939,370,1152,68,850,131196103765.25
"624",2026,2,14104.7395886939,0,3,3,6,131193007017.862
"625",2015,3,14104.7395886939,396,486,4,94,250156720.086277
"626",2016,3,14104.7395886939,227,436,7,216,1434513620.86603
"627",2017,3,14104.7395886939,73,176,6,109,6385947187.50137
"628",2018,3,14104.7395886939,427,750,21,344,14632803725.356
"629",2019,3,14104.7395886939,396,1407,30,1041,26956157283.3826
"630",2020,3,14104.7395886939,144,671,58,585,35714522492.5692
"631",2021,3,14104.7395886939,217,919,58,760,46720954830.4755
"632",2022,3,14104.7395886939,391,1305,86,1000,69964677166.2088
"633",2023,3,14104.7395886939,511,1826,114,1429,96250949750.9496
"634",2024,3,14104.7395886939,671,1780,67,1176,109876791847.384
"635",2025,3,14104.7395886939,376,1139,82,845,129528378620.136
"636",2026,3,14104.7395886939,0,4,1,5,130427601895.575
"637",2015,4,14104.7395886939,404,491,0,87,257825743.688472
"638",2016,4,14104.7395886939,256,442,2,188,1588463207.43109
"639",2017,4,14104.7395886939,76,175,7,106,6245955360.83504
"640",2018,4,14104.7395886939,449,762,10,323,14739171066.0386
"641",2019,4,14104.7395886939,365,1406,30,1071,27043593532.0807
"642",2020,4,14104.7395886939,164,675,53,564,36074624856.7033
"643",2021,4,14104.7395886939,199,917,59,777,46500288828.8621
"644",2022,4,14104.7395886939,401,1321,71,991,70338127513.307
"645",2023,4,14104.7395886939,505,1858,83,1436,97888603876.3803
"646",2024,4,14104.7395886939,609,1759,87,1237,110265673063.494
"647",2025,4,14104.7395886939,385,1145,75,835,130045386931.884
"648",2026,4,14104.7395886939,0,5,1,6,130082852742.27
"649",2015,5,14104.7395886939,403,491,0,88,257627715.710176
"650",2016,5,14104.7395886939,223,441,3,221,1571089811.48461
"651",2017,5,14104.7395886939,61,175,7,121,6161802022.86871
"652",2018,5,14104.7395886939,424,750,22,348,14415429261.2797
"653",2019,5,14104.7395886939,417,1414,22,1019,26990593516.0304
"654",2020,5,14104.7395886939,147,699,30,582,36329515623.1151
"655",2021,5,14104.7395886939,202,916,60,774,46244341145.3441
"656",2022,5,14104.7395886939,392,1327,64,999,71839757309.4788
"657",2023,5,14104.7395886939,530,1852,88,1410,99873443903.7859
"658",2024,5,14104.7395886939,610,1787,60,1237,111530460102.691
"659",2025,5,14104.7395886939,409,1150,71,812,132744820777.612
"660",2026,5,14104.7395886939,0,4,1,5,132758844367.663
"661",2015,1,16925.6875064327,386,488,3,105,227318956.148297
"662",2016,1,16925.6875064327,231,442,2,213,1529552523.85845
"663",2017,1,16925.6875064327,67,169,13,115,6012421123.96178
"664",2018,1,16925.6875064327,441,760,12,331,14850968983.7193
"665",2019,1,16925.6875064327,404,1409,27,1032,28014139077.067
"666",2020,1,16925.6875064327,158,702,27,571,38056558287.1561
"667",2021,1,16925.6875064327,241,932,44,735,49113035328.2972
"668",2022,1,16925.6875064327,378,1313,78,1013,76766066954.4629
"669",2023,1,16925.6875064327,528,1846,94,1412,106756638894.357
"670",2024,1,16925.6875064327,681,1798,49,1166,124535119374.222
"671",2025,1,16925.6875064327,408,1146,75,813,144272619525.176
"672",2026,1,16925.6875064327,0,4,1,5,143216704544.307
"673",2015,2,16925.6875064327,392,488,3,99,242740291.203661
"674",2016,2,16925.6875064327,265,440,4,179,1622880590.29726
"675",2017,2,16925.6875064327,73,177,5,109,6708336927.12208
"676",2018,2,16925.6875064327,455,761,11,317,14944929466.9825
"677",2019,2,16925.6875064327,409,1414,22,1027,27831920409.2116
"678",2020,2,16925.6875064327,173,686,42,555,37810274771.1909
"679",2021,2,16925.6875064327,233,927,49,743,48736976510.2182
"680",2022,2,16925.6875064327,408,1319,73,984,77319483339.91
"681",2023,2,16925.6875064327,506,1871,70,1435,108580063857.042
"682",2024,2,16925.6875064327,703,1784,62,1143,126093072367.786
"683",2025,2,16925.6875064327,432,1160,60,788,146565155048.698
"684",2026,2,16925.6875064327,0,4,2,6,146749074155.305
"685",2015,3,16925.6875064327,408,486,4,82,260837554.08384
"686",2016,3,16925.6875064327,223,436,7,220,1497053130.17769
"687",2017,3,16925.6875064327,79,179,3,103,6967769236.64067
"688",2018,3,16925.6875064327,451,750,21,320,14959260983.3895
"689",2019,3,16925.6875064327,362,1410,27,1075,27916229363.2758
"690",2020,3,16925.6875064327,160,678,51,569,37823094786.9254
"691",2021,3,16925.6875064327,225,923,54,752,49087098994.9426
"692",2022,3,16925.6875064327,382,1310,81,1009,74373447109.9985
"693",2023,3,16925.6875064327,554,1843,97,1386,104603454051.272
"694",2024,3,16925.6875064327,707,1788,59,1140,124457505553.494
"695",2025,3,16925.6875064327,422,1135,86,799,142357434921.469
"696",2026,3,16925.6875064327,0,5,0,5,142354744718.814
"697",2015,4,16925.6875064327,394,491,0,97,268664384.454919
"698",2016,4,16925.6875064327,243,442,2,201,1650060263.21675
"699",2017,4,16925.6875064327,79,176,6,103,6417026497.67765
"700",2018,4,16925.6875064327,466,766,6,306,15110759611.2482
"701",2019,4,16925.6875064327,411,1411,25,1025,28078813613.2464
"702",2020,4,16925.6875064327,157,679,49,571,37783142422.1842
"703",2021,4,16925.6875064327,271,933,43,705,48992550266.5139
"704",2022,4,16925.6875064327,382,1329,63,1010,77659518395.8526
"705",2023,4,16925.6875064327,492,1869,72,1449,108978025280.13
"706",2024,4,16925.6875064327,677,1767,79,1169,126344273434.269
"707",2025,4,16925.6875064327,420,1149,71,800,145321518872.678
"708",2026,4,16925.6875064327,0,5,1,6,145322617506.951
"709",2015,5,16925.6875064327,384,491,0,107,268857378.917071
"710",2016,5,16925.6875064327,216,441,3,228,1612337588.78407
"711",2017,5,16925.6875064327,74,176,6,108,6566390100.59784
"712",2018,5,16925.6875064327,435,751,21,337,14796273687.4026
"713",2019,5,16925.6875064327,436,1416,20,1000,27678166515.3904
"714",2020,5,16925.6875064327,153,706,23,576,37534713024.3257
"715",2021,5,16925.6875064327,249,927,49,727,49382950987.5621
"716",2022,5,16925.6875064327,428,1328,63,963,77257822924.5162
"717",2023,5,16925.6875064327,531,1869,71,1409,108786865929.8
"718",2024,5,16925.6875064327,691,1805,42,1156,126987008423.251
"719",2025,5,16925.6875064327,435,1151,70,786,147721620246.345
"720",2026,5,16925.6875064327,0,4,1,5,147731365143.658
"721",2015,1,19746.6354241715,389,488,3,102,228893051.174044
"722",2016,1,19746.6354241715,247,442,2,197,1589784231.51549
"723",2017,1,19746.6354241715,64,171,11,118,6300122414.64985
"724",2018,1,19746.6354241715,437,760,12,335,15896791484.4073
"725",2019,1,19746.6354241715,418,1413,23,1018,28821095804.3716
"726",2020,1,19746.6354241715,200,704,25,529,39460704037.3756
"727",2021,1,19746.6354241715,283,935,41,693,53085241095.6088
"728",2022,1,19746.6354241715,446,1323,68,945,84298586479.2514
"729",2023,1,19746.6354241715,611,1860,80,1329,121616493559.606
"730",2024,1,19746.6354241715,686,1803,44,1161,139716969490.683
"731",2025,1,19746.6354241715,469,1150,71,752,160371870986.986
"732",2026,1,19746.6354241715,0,4,1,5,160427161016.799
"733",2015,2,19746.6354241715,396,488,3,95,248709948.129506
"734",2016,2,19746.6354241715,247,440,4,197,1666702118.82232
"735",2017,2,19746.6354241715,74,177,5,108,6917377914.76585
"736",2018,2,19746.6354241715,449,765,7,323,16269711979.6538
"737",2019,2,19746.6354241715,466,1419,17,970,29324462354.4245
"738",2020,2,19746.6354241715,195,689,39,533,39285212697.336
"739",2021,2,19746.6354241715,261,935,41,715,53544752549.723
"740",2022,2,19746.6354241715,427,1329,63,965,85097678219.6631
"741",2023,2,19746.6354241715,547,1884,57,1394,122175279767.308
"742",2024,2,19746.6354241715,685,1795,51,1161,140933215462.372
"743",2025,2,19746.6354241715,419,1167,53,801,164278636262.464
"744",2026,2,19746.6354241715,0,4,2,6,166791227567.835
"745",2015,3,19746.6354241715,403,486,4,87,268102226.641968
"746",2016,3,19746.6354241715,233,436,7,210,1542070697.41806
"747",2017,3,19746.6354241715,90,179,3,92,7181710789.12505
"748",2018,3,19746.6354241715,460,751,20,311,15730667402.8825
"749",2019,3,19746.6354241715,483,1418,19,954,29475826204.2013
"750",2020,3,19746.6354241715,196,683,46,533,39546134587.4842
"751",2021,3,19746.6354241715,279,934,43,698,53416718668.7084
"752",2022,3,19746.6354241715,411,1326,65,980,85528696531.9875
"753",2023,3,19746.6354241715,621,1865,75,1319,119916489892.943
"754",2024,3,19746.6354241715,716,1793,54,1131,139593116692.431
"755",2025,3,19746.6354241715,433,1146,75,788,159010313293.376
"756",2026,3,19746.6354241715,0,5,0,5,159014029371.237
"757",2015,4,19746.6354241715,393,491,0,98,275067467.8089
"758",2016,4,19746.6354241715,257,441,3,187,1690465339.65599
"759",2017,4,19746.6354241715,71,176,6,111,6550957504.1472
"760",2018,4,19746.6354241715,471,765,7,301,16256876533.3108
"761",2019,4,19746.6354241715,439,1415,21,997,28912058796.3312
"762",2020,4,19746.6354241715,187,684,44,541,39227895710.9688
"763",2021,4,19746.6354241715,265,939,37,711,52991117959.5893
"764",2022,4,19746.6354241715,440,1341,51,952,86580017736.5001
"765",2023,4,19746.6354241715,572,1890,51,1369,121706428250.782
"766",2024,4,19746.6354241715,692,1780,66,1154,139637291484.575
"767",2025,4,19746.6354241715,436,1160,60,784,161758059756.555
"768",2026,4,19746.6354241715,0,6,0,6,161839935279.987
"769",2015,5,19746.6354241715,395,491,0,96,276049032.057407
"770",2016,5,19746.6354241715,238,441,3,206,1638176686.60853
"771",2017,5,19746.6354241715,68,176,6,114,6813744383.76885
"772",2018,5,19746.6354241715,463,754,18,309,15130048710.8665
"773",2019,5,19746.6354241715,464,1420,16,972,28857438453.9671
"774",2020,5,19746.6354241715,190,708,21,539,38983999703.5636
"775",2021,5,19746.6354241715,264,931,45,712,53421255441.8238
"776",2022,5,19746.6354241715,444,1340,51,947,85474253673.7951
"777",2023,5,19746.6354241715,600,1889,51,1340,123832206456.888
"778",2024,5,19746.6354241715,696,1816,31,1151,142305496525.087
"779",2025,5,19746.6354241715,462,1152,69,759,162068791640.856
"780",2026,5,19746.6354241715,0,4,1,5,162075646993.016
"781",2015,1,22567.5833419103,394,488,3,97,230387115.530796
"782",2016,1,22567.5833419103,250,442,2,194,1629877211.24231
"783",2017,1,22567.5833419103,81,173,9,101,6481229471.53428
"784",2018,1,22567.5833419103,464,761,11,308,16108595495.3955
"785",2019,1,22567.5833419103,472,1415,21,964,30109898152.2046
"786",2020,1,22567.5833419103,226,707,22,503,41727107057.8212
"787",2021,1,22567.5833419103,328,949,27,648,62043671976.7083
"788",2022,1,22567.5833419103,452,1332,59,939,92533207499.5769
"789",2023,1,22567.5833419103,594,1875,65,1346,132360070105.592
"790",2024,1,22567.5833419103,710,1811,36,1137,150922950447.274
"791",2025,1,22567.5833419103,452,1156,65,769,175512276253.357
"792",2026,1,22567.5833419103,0,4,1,5,175762969734.418
"793",2015,2,22567.5833419103,397,489,2,94,259563777.352716
"794",2016,2,22567.5833419103,242,440,4,202,1699013030.63034
"795",2017,2,22567.5833419103,86,177,5,96,7091887816.87792
"796",2018,2,22567.5833419103,467,766,6,305,16489967312.6039
"797",2019,2,22567.5833419103,464,1422,14,972,30275972894.5777
"798",2020,2,22567.5833419103,239,692,36,489,41865870921.0867
"799",2021,2,22567.5833419103,302,946,30,674,61039291131.6019
"800",2022,2,22567.5833419103,482,1339,53,910,94870177029.8798
"801",2023,2,22567.5833419103,598,1891,50,1343,132634834252.796
"802",2024,2,22567.5833419103,729,1802,44,1117,150743602161.463
"803",2025,2,22567.5833419103,469,1170,50,751,179951793336.829
"804",2026,2,22567.5833419103,0,5,1,6,179964699701.812
"805",2015,3,22567.5833419103,392,486,4,98,272986197.750464
"806",2016,3,22567.5833419103,246,436,7,197,1575278568.36679
"807",2017,3,22567.5833419103,78,179,3,104,7313011029.89057
"808",2018,3,22567.5833419103,462,751,20,309,16046395682.58
"809",2019,3,22567.5833419103,463,1421,16,974,30417128618.752
"810",2020,3,22567.5833419103,203,691,38,526,41992088267.2128
"811",2021,3,22567.5833419103,308,935,42,669,61495094630.0919
"812",2022,3,22567.5833419103,477,1332,59,914,94581642477.1617
"813",2023,3,22567.5833419103,597,1871,69,1343,129593553031.56
"814",2024,3,22567.5833419103,732,1798,49,1115,148620102345.767
"815",2025,3,22567.5833419103,460,1155,66,761,174328444805.645
"816",2026,3,22567.5833419103,0,5,0,5,173456372874.579
"817",2015,4,22567.5833419103,415,491,0,76,281434776.230246
"818",2016,4,22567.5833419103,237,442,2,207,1720960354.15728
"819",2017,4,22567.5833419103,75,177,5,107,6647572488.35915
"820",2018,4,22567.5833419103,444,767,5,328,16493501001.0468
"821",2019,4,22567.5833419103,469,1418,18,967,30092266833.4114
"822",2020,4,22567.5833419103,218,686,42,510,41504566491.7777
"823",2021,4,22567.5833419103,298,945,31,678,58874923835.7537
"824",2022,4,22567.5833419103,464,1342,50,928,95947708575.2424
"825",2023,4,22567.5833419103,614,1897,44,1327,132609503196.579
"826",2024,4,22567.5833419103,746,1793,53,1100,150098418577.556
"827",2025,4,22567.5833419103,430,1163,57,790,178057967533.464
"828",2026,4,22567.5833419103,0,5,1,6,178704372075.954
"829",2015,5,22567.5833419103,409,491,0,82,281017049.99601
"830",2016,5,22567.5833419103,228,441,3,216,1657017158.48174
"831",2017,5,22567.5833419103,71,176,6,111,7028816551.76935
"832",2018,5,22567.5833419103,459,753,19,313,15442904241.6013
"833",2019,5,22567.5833419103,504,1421,15,932,29611943152.4693
"834",2020,5,22567.5833419103,211,710,19,518,41464450901.2009
"835",2021,5,22567.5833419103,300,937,39,676,61160111932.6281
"836",2022,5,22567.5833419103,426,1354,37,965,96403118125.5356
"837",2023,5,22567.5833419103,597,1894,46,1343,133667660867.992
"838",2024,5,22567.5833419103,741,1820,27,1106,151936821411.685
"839",2025,5,22567.5833419103,457,1159,62,764,176590619586.685
"840",2026,5,22567.5833419103,0,4,1,5,176492497026.286
"841",2015,1,25388.531259649,380,488,3,111,231483369.878073
"842",2016,1,25388.531259649,248,442,2,196,1660488222.27646
"843",2017,1,25388.531259649,86,174,8,96,6742246395.92844
"844",2018,1,25388.531259649,443,760,12,329,16264749600.6362
"845",2019,1,25388.531259649,519,1417,19,917,30810604893.7022
"846",2020,1,25388.531259649,235,705,24,494,44237986435.3734
"847",2021,1,25388.531259649,367,953,23,609,68250779810.983
"848",2022,1,25388.531259649,487,1344,47,904,104446188403.512
"849",2023,1,25388.531259649,649,1875,65,1291,138824950691.815
"850",2024,1,25388.531259649,711,1811,36,1136,156503464736.137
"851",2025,1,25388.531259649,450,1159,62,771,184057603545.623
"852",2026,1,25388.531259649,0,4,1,5,184089133381.585
"853",2015,2,25388.531259649,394,489,2,97,267564196.776788
"854",2016,2,25388.531259649,237,440,4,207,1728886919.93955
"855",2017,2,25388.531259649,74,176,6,108,7337713055.4145
"856",2018,2,25388.531259649,471,766,6,301,16656383174.0967
"857",2019,2,25388.531259649,520,1422,14,916,30937533054.0306
"858",2020,2,25388.531259649,225,694,34,503,45356050561.9462
"859",2021,2,25388.531259649,361,952,24,615,68010309286.0685
"860",2022,2,25388.531259649,513,1345,47,879,104258377513.269
"861",2023,2,25388.531259649,634,1898,43,1307,138726621069.113
"862",2024,2,25388.531259649,765,1802,44,1081,156172018118.395
"863",2025,2,25388.531259649,512,1177,43,708,192459149321.84
"864",2026,2,25388.531259649,0,6,0,6,192509011373.693
"865",2015,3,25388.531259649,413,487,3,77,276526953.381066
"866",2016,3,25388.531259649,256,436,7,187,1601507906.11681
"867",2017,3,25388.531259649,89,180,2,93,7554501650.1471
"868",2018,3,25388.531259649,448,751,20,323,16374632481.0507
"869",2019,3,25388.531259649,547,1422,15,890,31160955255.4902
"870",2020,3,25388.531259649,220,697,32,509,45404660992.4583
"871",2021,3,25388.531259649,349,941,36,628,67960184698.1903
"872",2022,3,25388.531259649,476,1335,56,915,102506932613.127
"873",2023,3,25388.531259649,630,1876,64,1310,135589240990.484
"874",2024,3,25388.531259649,721,1799,48,1126,155852923408.973
"875",2025,3,25388.531259649,472,1164,57,749,184728756565.918
"876",2026,3,25388.531259649,0,4,1,5,184773736858.591
"877",2015,4,25388.531259649,405,491,0,86,284868719.306282
"878",2016,4,25388.531259649,249,442,2,195,1740809967.54045
"879",2017,4,25388.531259649,76,177,5,106,6857637640.09076
"880",2018,4,25388.531259649,504,768,4,268,16664479619.4909
"881",2019,4,25388.531259649,530,1415,21,906,30800725028.8177
"882",2020,4,25388.531259649,234,688,40,494,43131727389.044
"883",2021,4,25388.531259649,373,948,28,603,68625544526.6025
"884",2022,4,25388.531259649,479,1356,36,913,105370229742.756
"885",2023,4,25388.531259649,665,1894,47,1276,137452247330.131
"886",2024,4,25388.531259649,758,1794,52,1088,155608202082.02
"887",2025,4,25388.531259649,510,1161,59,710,190454860772.431
"888",2026,4,25388.531259649,0,6,0,6,190494940112.52
"889",2015,5,25388.531259649,415,491,0,76,284909212.726659
"890",2016,5,25388.531259649,219,441,3,225,1676160212.07639
"891",2017,5,25388.531259649,75,177,5,107,7289344822.40941
"892",2018,5,25388.531259649,467,755,17,305,15656117888.9316
"893",2019,5,25388.531259649,500,1421,15,936,30157378031.6044
"894",2020,5,25388.531259649,221,713,16,508,44827773751.0746
"895",2021,5,25388.531259649,361,940,36,615,67130301497.8758
"896",2022,5,25388.531259649,482,1357,34,909,105413682367.669
"897",2023,5,25388.531259649,635,1895,45,1305,139897070038.201
"898",2024,5,25388.531259649,716,1825,22,1131,157535763309.123
"899",2025,5,25388.531259649,531,1157,64,690,187975478624.784
"900",2026,5,25388.531259649,0,4,1,5,187985218178.576
"901",2015,1,28209.4791773878,363,488,3,128,231495502.241483
"902",2016,1,28209.4791773878,250,442,2,194,1682453661.78692
"903",2017,1,28209.4791773878,76,175,7,106,6933733087.64587
"904",2018,1,28209.4791773878,473,760,12,299,16439614370.5047
"905",2019,1,28209.4791773878,534,1419,17,902,31426175634.1397
"906",2020,1,28209.4791773878,234,711,18,495,44856321157.9722
"907",2021,1,28209.4791773878,366,950,26,610,72394202199.803
"908",2022,1,28209.4791773878,499,1348,43,892,110574018886.743
"909",2023,1,28209.4791773878,687,1884,56,1253,142167392990.79
"910",2024,1,28209.4791773878,728,1815,32,1119,159944886673.548
"911",2025,1,28209.4791773878,553,1167,54,668,194484559185.148
"912",2026,1,28209.4791773878,0,4,1,5,194552828941.727
"913",2015,2,28209.4791773878,401,489,2,90,273702675.791056
"914",2016,2,28209.4791773878,258,441,3,186,1760584941.48138
"915",2017,2,28209.4791773878,83,177,5,99,7527431372.73165
"916",2018,2,28209.4791773878,496,767,5,276,16788021697.0099
"917",2019,2,28209.4791773878,522,1425,11,914,31576959120.5149
"918",2020,2,28209.4791773878,224,699,29,504,46173269972.4084
"919",2021,2,28209.4791773878,378,954,22,598,69952743794.7103
"920",2022,2,28209.4791773878,513,1347,45,879,112120327177.151
"921",2023,2,28209.4791773878,706,1900,41,1235,144891967041.094
"922",2024,2,28209.4791773878,774,1805,41,1072,162563692951.345
"923",2025,2,28209.4791773878,545,1176,44,675,205663692070.27
"924",2026,2,28209.4791773878,0,5,1,6,205727831833.454
"925",2015,3,28209.4791773878,399,487,3,91,279597682.277975
"926",2016,3,28209.4791773878,257,436,7,186,1630984449.23823
"927",2017,3,28209.4791773878,75,180,2,107,7726266720.70214
"928",2018,3,28209.4791773878,460,753,18,311,16591415378.809
"929",2019,3,28209.4791773878,527,1422,15,910,31753624259.6563
"930",2020,3,28209.4791773878,247,699,30,482,46198532562.315
"931",2021,3,28209.4791773878,377,947,30,600,71997738377.7455
"932",2022,3,28209.4791773878,499,1336,55,892,110132224226.659
"933",2023,3,28209.4791773878,659,1877,63,1281,144141567595.751
"934",2024,3,28209.4791773878,738,1806,41,1109,162565129896.546
"935",2025,3,28209.4791773878,530,1165,56,691,200989961286.064
"936",2026,3,28209.4791773878,0,5,0,5,201069810636.877
"937",2015,4,28209.4791773878,413,490,1,78,288659808.42599
"938",2016,4,28209.4791773878,252,443,1,192,1758261761.26195
"939",2017,4,28209.4791773878,69,177,5,113,6990635589.28796
"940",2018,4,28209.4791773878,476,768,4,296,16803449372.6496
"941",2019,4,28209.4791773878,509,1424,12,927,31392134540.5495
"942",2020,4,28209.4791773878,256,696,32,472,45700171639.682
"943",2021,4,28209.4791773878,351,954,22,625,71797737514.9787
"944",2022,4,28209.4791773878,533,1357,35,859,114718420300.097
"945",2023,4,28209.4791773878,688,1901,40,1253,145421805594.21
"946",2024,4,28209.4791773878,737,1796,50,1109,161884157052.465
"947",2025,4,28209.4791773878,574,1171,49,646,202952338875.803
"948",2026,4,28209.4791773878,0,6,0,6,203016304915.798
"949",2015,5,28209.4791773878,413,491,0,78,288399387.873441
"950",2016,5,28209.4791773878,241,441,3,203,1696265374.08192
"951",2017,5,28209.4791773878,81,177,5,101,7464080545.36885
"952",2018,5,28209.4791773878,441,755,17,331,15832791734.9406
"953",2019,5,28209.4791773878,524,1421,15,912,30664949394.3051
"954",2020,5,28209.4791773878,219,712,17,510,45632437888.6791
"955",2021,5,28209.4791773878,355,946,30,621,71108299998.6067
"956",2022,5,28209.4791773878,512,1356,35,879,115286450718.089
"957",2023,5,28209.4791773878,667,1901,39,1273,146222951309.973
"958",2024,5,28209.4791773878,719,1823,24,1128,163950325878.183
"959",2025,5,28209.4791773878,563,1160,61,658,199041781435.572
"960",2026,5,28209.4791773878,0,4,1,5,199067056722.434
"961",2015,1,42314.2187660817,398,487,4,93,234084372.046826
"962",2016,1,42314.2187660817,252,442,2,192,1761388034.49563
"963",2017,1,42314.2187660817,92,176,6,90,7750998759.46094
"964",2018,1,42314.2187660817,474,764,8,298,17068134390.7557
"965",2019,1,42314.2187660817,601,1424,12,835,35820902157.0765
"966",2020,1,42314.2187660817,253,716,13,476,49240262902.5296
"967",2021,1,42314.2187660817,472,957,19,504,87780362864.9615
"968",2022,1,42314.2187660817,567,1356,35,824,130951697542.896
"969",2023,1,42314.2187660817,801,1902,38,1139,176259545601.57
"970",2024,1,42314.2187660817,842,1826,21,1005,213008268665.181
"971",2025,1,42314.2187660817,620,1189,32,601,272632134303.266
"972",2026,1,42314.2187660817,0,5,0,5,272705044317.076
"973",2015,2,42314.2187660817,396,490,1,95,291095709.968364
"974",2016,2,42314.2187660817,257,442,2,187,1855249346.18692
"975",2017,2,42314.2187660817,77,177,5,105,8130783386.93714
"976",2018,2,42314.2187660817,480,768,4,292,17246596199.2125
"977",2019,2,42314.2187660817,594,1430,6,842,39186057388.7805
"978",2020,2,42314.2187660817,279,706,22,449,51308473920.9665
"979",2021,2,42314.2187660817,456,960,16,520,87246091621.6095
"980",2022,2,42314.2187660817,599,1363,29,793,132006028075.538
"981",2023,2,42314.2187660817,799,1911,30,1142,175526709106.181
"982",2024,2,42314.2187660817,858,1816,30,988,211975486975.409
"983",2025,2,42314.2187660817,640,1193,27,580,277357415668.751
"984",2026,2,42314.2187660817,0,6,0,6,277729778451.081
"985",2015,3,42314.2187660817,386,487,3,104,294446663.669255
"986",2016,3,42314.2187660817,256,439,4,187,1719961292.1266
"987",2017,3,42314.2187660817,82,180,2,100,8273281075.67335
"988",2018,3,42314.2187660817,464,755,16,307,17200919508.5705
"989",2019,3,42314.2187660817,603,1426,11,834,37663621131.9877
"990",2020,3,42314.2187660817,261,710,19,468,51478900546.0835
"991",2021,3,42314.2187660817,450,958,19,527,87783092200.7968
"992",2022,3,42314.2187660817,552,1357,34,839,131141284923.827
"993",2023,3,42314.2187660817,735,1890,50,1205,172118912098.272
"994",2024,3,42314.2187660817,849,1814,33,998,209267017240.872
"995",2025,3,42314.2187660817,574,1186,35,647,268037139837.655
"996",2026,3,42314.2187660817,0,4,1,5,268141276628.223
"997",2015,4,42314.2187660817,400,491,0,91,302779618.342415
"998",2016,4,42314.2187660817,242,443,1,202,1825436476.10292
"999",2017,4,42314.2187660817,80,178,4,102,7388354410.1914
"1000",2018,4,42314.2187660817,489,769,3,283,17387140706.0583
"1001",2019,4,42314.2187660817,591,1429,7,845,38529951226.8411
"1002",2020,4,42314.2187660817,256,710,18,472,50522502938.2012
"1003",2021,4,42314.2187660817,421,960,16,555,87602589677.847
"1004",2022,4,42314.2187660817,611,1363,29,781,131580211838.172
"1005",2023,4,42314.2187660817,776,1908,33,1165,172894377827.021
"1006",2024,4,42314.2187660817,827,1809,37,1019,204270776234.971
"1007",2025,4,42314.2187660817,612,1185,35,608,274138420720.27
"1008",2026,4,42314.2187660817,0,6,0,6,274197488878.858
"1009",2015,5,42314.2187660817,419,491,0,72,303385343.561598
"1010",2016,5,42314.2187660817,242,442,2,202,1756619397.33305
"1011",2017,5,42314.2187660817,87,177,5,95,8047542939.41186
"1012",2018,5,42314.2187660817,472,756,16,300,16449333082.6487
"1013",2019,5,42314.2187660817,610,1423,13,826,38700207854.5721
"1014",2020,5,42314.2187660817,241,716,13,488,50738664823.1893
"1015",2021,5,42314.2187660817,454,955,21,522,84693702220.7581
"1016",2022,5,42314.2187660817,561,1366,25,830,129024436751.814
"1017",2023,5,42314.2187660817,770,1915,25,1170,177208053909.523
"1018",2024,5,42314.2187660817,894,1835,12,953,216436843032.019
"1019",2025,5,42314.2187660817,647,1183,38,574,273153624468.544
"1020",2026,5,42314.2187660817,0,4,1,5,273174069561.527
"1021",2015,1,56418.9583547756,384,488,3,107,235468378.000788
"1022",2016,1,56418.9583547756,259,443,1,185,1870056914.55655
"1023",2017,1,56418.9583547756,87,177,5,95,8062868420.35916
"1024",2018,1,56418.9583547756,500,765,7,272,17653587420.5277
"1025",2019,1,56418.9583547756,596,1425,11,840,38309210776.5579
"1026",2020,1,56418.9583547756,295,717,12,434,55541704214.2741
"1027",2021,1,56418.9583547756,504,962,14,472,105858002644.59
"1028",2022,1,56418.9583547756,647,1371,20,744,157620180783.524
"1029",2023,1,56418.9583547756,832,1913,27,1108,207447045374.577
"1030",2024,1,56418.9583547756,930,1827,20,917,249269615564.352
"1031",2025,1,56418.9583547756,683,1201,20,538,332494178020.022
"1032",2026,1,56418.9583547756,5,5,0,0,332632015486.828
"1033",2015,2,56418.9583547756,401,490,1,90,299388259.065013
"1034",2016,2,56418.9583547756,244,443,1,200,1949838161.6145
"1035",2017,2,56418.9583547756,86,177,5,96,8399166206.70534
"1036",2018,2,56418.9583547756,470,769,3,302,17835111949.2363
"1037",2019,2,56418.9583547756,636,1431,5,800,43225411321.9589
"1038",2020,2,56418.9583547756,321,715,13,407,60887039854.5687
"1039",2021,2,56418.9583547756,527,965,11,449,105496374093.866
"1040",2022,2,56418.9583547756,639,1371,21,753,158448678527.514
"1041",2023,2,56418.9583547756,889,1918,23,1052,207350784725.23
"1042",2024,2,56418.9583547756,915,1819,27,931,248504287511.352
"1043",2025,2,56418.9583547756,664,1194,26,556,333003889947.948
"1044",2026,2,56418.9583547756,6,6,0,0,333088428559.875
"1045",2015,3,56418.9583547756,392,487,3,98,302610816.891515
"1046",2016,3,56418.9583547756,259,438,5,184,1808572496.69112
"1047",2017,3,56418.9583547756,80,180,2,102,8517359076.63991
"1048",2018,3,56418.9583547756,492,755,16,279,17510304235.2358
"1049",2019,3,56418.9583547756,643,1426,11,794,43029899406.8897
"1050",2020,3,56418.9583547756,307,713,16,422,60519859252.8415
"1051",2021,3,56418.9583547756,528,964,13,449,105590302582.119
"1052",2022,3,56418.9583547756,666,1365,26,725,157764214666.703
"1053",2023,3,56418.9583547756,873,1904,36,1067,205536046503.235
"1054",2024,3,56418.9583547756,896,1827,20,951,246815472951.141
"1055",2025,3,56418.9583547756,643,1190,31,578,326715423162.909
"1056",2026,3,56418.9583547756,5,5,0,0,326811818011.046
"1057",2015,4,56418.9583547756,418,491,0,73,311638614.142106
"1058",2016,4,56418.9583547756,265,443,1,179,1918132137.93311
"1059",2017,4,56418.9583547756,90,178,4,92,7663429261.63783
"1060",2018,4,56418.9583547756,512,770,2,260,17931611310.6022
"1061",2019,4,56418.9583547756,641,1428,8,795,41995508050.2533
"1062",2020,4,56418.9583547756,312,713,15,416,59776986566.4329
"1063",2021,4,56418.9583547756,533,964,12,443,105551407281.319
"1064",2022,4,56418.9583547756,672,1374,18,720,158046337413.093
"1065",2023,4,56418.9583547756,875,1917,24,1066,200657819905.828
"1066",2024,4,56418.9583547756,901,1821,25,945,240760837063.215
"1067",2025,4,56418.9583547756,661,1185,35,559,329169393176.079
"1068",2026,4,56418.9583547756,0,6,0,6,329263366166.889
"1069",2015,5,56418.9583547756,421,491,0,70,311276385.608771
"1070",2016,5,56418.9583547756,252,443,1,192,1790712335.62769
"1071",2017,5,56418.9583547756,91,177,5,91,8323040936.54834
"1072",2018,5,56418.9583547756,511,757,15,261,17063740121.4972
"1073",2019,5,56418.9583547756,660,1424,12,776,42697166952.2294
"1074",2020,5,56418.9583547756,281,717,12,448,59673838217.4227
"1075",2021,5,56418.9583547756,513,963,13,463,105779446853.416
"1076",2022,5,56418.9583547756,641,1374,17,750,153823050711.773
"1077",2023,5,56418.9583547756,857,1919,21,1083,208589805727.974
"1078",2024,5,56418.9583547756,923,1840,7,924,250464079051.715
"1079",2025,5,56418.9583547756,652,1191,30,569,330047473025.645
"1080",2026,5,56418.9583547756,5,4,1,0,330065422715.39
"1081",2015,1,1e+06,396,488,3,95,239033222.865448
"1082",2016,1,1e+06,269,443,1,175,2175954041.97228
"1083",2017,1,1e+06,97,180,2,85,9296172814.85785
"1084",2018,1,1e+06,549,770,2,223,34754193166.329
"1085",2019,1,1e+06,854,1435,1,582,84552159712.1828
"1086",2020,1,1e+06,553,727,2,176,162360227289.014
"1087",2021,1,1e+06,812,975,1,164,376849848913.755
"1088",2022,1,1e+06,1178,1389,2,213,601482004494.85
"1089",2023,1,1e+06,1764,1936,4,176,743146842521.415
"1090",2024,1,1e+06,1738,1839,8,109,834173754995.274
"1091",2025,1,1e+06,1052,1216,5,169,854993654702.671
"1092",2026,1,1e+06,5,5,0,0,855009636967.771
"1093",2015,2,1e+06,378,490,1,113,322138600.674304
"1094",2016,2,1e+06,287,443,1,157,2206360327.95377
"1095",2017,2,1e+06,93,180,2,89,9322024621.82723
"1096",2018,2,1e+06,534,770,2,238,34605388686.569
"1097",2019,2,1e+06,849,1435,1,587,88145376539.017
"1098",2020,2,1e+06,546,728,0,182,162386185915.667
"1099",2021,2,1e+06,820,975,1,156,379902551478.108
"1100",2022,2,1e+06,1192,1387,5,200,552377735780.125
"1101",2023,2,1e+06,1765,1936,5,176,729197292707.747
"1102",2024,2,1e+06,1737,1840,6,109,753020065957.182
"1103",2025,2,1e+06,1053,1219,1,167,856418345117.556
"1104",2026,2,1e+06,6,6,0,0,856455783084.515
"1105",2015,3,1e+06,395,486,4,95,324928541.415034
"1106",2016,3,1e+06,278,439,4,165,2068209493.52567
"1107",2017,3,1e+06,105,181,1,77,9384248330.10599
"1108",2018,3,1e+06,515,765,6,256,28832807499.1722
"1109",2019,3,1e+06,872,1434,3,565,87887043341.7174
"1110",2020,3,1e+06,545,728,1,184,157702952033.114
"1111",2021,3,1e+06,842,972,5,135,344185487640.143
"1112",2022,3,1e+06,1202,1388,3,189,601167555791.427
"1113",2023,3,1e+06,1773,1938,2,167,759762139540.406
"1114",2024,3,1e+06,1736,1846,1,111,837000058039.674
"1115",2025,3,1e+06,1041,1219,2,180,856376289721.926
"1116",2026,3,1e+06,5,5,0,0,856410090710.697
"1117",2015,4,1e+06,414,490,1,77,334556830.832192
"1118",2016,4,1e+06,275,443,1,169,2171331801.48753
"1119",2017,4,1e+06,84,179,3,98,8536260103.09515
"1120",2018,4,1e+06,544,772,0,228,34754193677.4906
"1121",2019,4,1e+06,822,1433,3,614,83633587398.9971
"1122",2020,4,1e+06,565,725,3,163,158804443783.011
"1123",2021,4,1e+06,822,976,0,154,378446317709.765
"1124",2022,4,1e+06,1191,1390,2,201,601018365673.436
"1125",2023,4,1e+06,1770,1939,2,171,759672775871.478
"1126",2024,4,1e+06,1748,1842,4,98,835526676468.096
"1127",2025,4,1e+06,1040,1216,4,180,854737000449.395
"1128",2026,4,1e+06,6,6,0,0,854725207231.573
"1129",2015,5,1e+06,395,491,0,96,334035465.411921
"1130",2016,5,1e+06,230,443,1,214,1910488556.83577
"1131",2017,5,1e+06,100,178,4,82,9213646254.32893
"1132",2018,5,1e+06,522,763,9,250,33436174705.1693
"1133",2019,5,1e+06,847,1435,1,589,88181802302.3435
"1134",2020,5,1e+06,563,729,0,166,162384346096.158
"1135",2021,5,1e+06,839,975,1,137,379877122256.181
"1136",2022,5,1e+06,1194,1390,1,197,600941065058.321
"1137",2023,5,1e+06,1767,1935,5,173,759195766209.011
"1138",2024,5,1e+06,1747,1847,0,100,837001533073.778
"1139",2025,5,1e+06,1037,1216,5,184,855519610749.225
"1140",2026,5,1e+06,5,5,0,0,855495008061.838
